{
  "current": {
    "sections": {
      "header": {
        "type": "header",
        "settings": {
          "logo": "shopify:\/\/shop_images\/shopifykingbdlogo.jpg",
          "logo_max_width": 50,
          "main_linklist": "main-menu"
        }
      },
      "feature-row": {
        "type": "feature-row",
        "settings": {
          "layout": "left",
          "title": "Image with text",
          "text": "<p>Pair large text with an image to give focus to your chosen product, collection, or blog post. Add details on availability, style, or even provide a review.<\/p>",
          "button_label": ""
        }
      },
      "feature-columns": {
        "type": "feature-columns",
        "blocks": {
          "feature-columns-0": {
            "type": "text_block",
            "settings": {
              "enable_image": true,
              "title": "Add a title or tagline",
              "text": "<p>Share blog posts, products, or promotions with your customers. Use this text to describe products, share details on availability and style, or as a space to display recent reviews or FAQs.<\/p>",
              "button_label": ""
            }
          },
          "feature-columns-1": {
            "type": "text_block",
            "settings": {
              "enable_image": true,
              "title": "Add a title or tagline",
              "text": "<p>Share blog posts, products, or promotions with your customers. Use this text to describe products, share details on availability and style, or as a space to display recent reviews or FAQs.<\/p>",
              "button_label": ""
            }
          },
          "feature-columns-2": {
            "type": "text_block",
            "settings": {
              "enable_image": true,
              "title": "Add a title or tagline",
              "text": "<p>Share blog posts, products, or promotions with your customers. Use this text to describe products, share details on availability and style, or as a space to display recent reviews or FAQs.<\/p>",
              "button_label": ""
            }
          }
        },
        "block_order": [
          "feature-columns-0",
          "feature-columns-1",
          "feature-columns-2"
        ],
        "settings": {
          "title": "",
          "align_text": "left"
        }
      },
      "collection": {
        "type": "collection",
        "settings": {
          "title": "Featured collection",
          "collection": "",
          "grid": 4,
          "rows": 2,
          "show_vendor": false,
          "show_view_all": false
        }
      },
      "quotes": {
        "type": "quotes",
        "blocks": {
          "quotes-0": {
            "type": "quote",
            "settings": {
              "quote": "<p>Add customer reviews and testimonials to showcase your store’s happy customers.<\/p>",
              "author": "Author's name"
            }
          },
          "quotes-1": {
            "type": "quote",
            "settings": {
              "quote": "<p>Add customer reviews and testimonials to showcase your store’s happy customers.<\/p>",
              "author": "Author's name"
            }
          },
          "quotes-2": {
            "type": "quote",
            "settings": {
              "quote": "<p>Add customer reviews and testimonials to showcase your store’s happy customers.<\/p>",
              "author": "Author's name"
            }
          }
        },
        "block_order": [
          "quotes-0",
          "quotes-1",
          "quotes-2"
        ],
        "settings": {
          "title": ""
        }
      },
      "image-bar": {
        "type": "image-bar",
        "blocks": {
          "image-bar-0": {
            "type": "image",
            "settings": {
              "alignment": "center",
              "cta_label": ""
            }
          },
          "image-bar-1": {
            "type": "image",
            "settings": {
              "alignment": "center",
              "cta_label": ""
            }
          },
          "image-bar-2": {
            "type": "image",
            "settings": {
              "alignment": "center",
              "cta_label": ""
            }
          }
        },
        "block_order": [
          "image-bar-0",
          "image-bar-1",
          "image-bar-2"
        ],
        "settings": {
          "section_height": "medium"
        }
      },
      "collection-template": {
        "type": "collection-template",
        "settings": {
          "layout": "grid",
          "grid": 4,
          "rows": 2,
          "show_collection_image": true,
          "show_vendor": false,
          "sort_enable": true,
          "tags_enable": true
        }
      },
      "product-template": {
        "type": "product-template",
        "settings": {
          "show_quantity_selector": false,
          "show_vendor": false,
          "enable_payment_button": true,
          "show_share_buttons": true,
          "media_size": "medium",
          "enable_image_zoom": true,
          "enable_video_looping": false
        }
      },
      "product-recommendations": {
        "type": "product-recommendations",
        "settings": {
          "show_product_recommendations": true,
          "heading": "You may also like",
          "show_vendor": false
        }
      },
      "161042863771c13bd2": {
        "type": "skb-banner",
        "settings": {
          "banner_image": "shopify:\/\/shop_images\/watch_1_5b526f54-f657-4e43-b31d-9fb9db30a334.jpg",
          "title": "SELL-ECT COLLECT",
          "banner_desc": "<p>Use overlay text to give your customers insight into your brand. Select imagery and text that relates to your style and story.<\/p>",
          "button_label": "Join Now",
          "button_link": "shopify:\/\/products\/product-testing-membership"
        }
      },
      "1610434043308a740e": {
        "type": "skb-about",
        "settings": {
          "about_section_title": "How is this possible?",
          "about_heading": "CONNECTIONS",
          "about_desc": "<p>We are a group of individuals with years of experience in the customer satisfaction field. Connections to a network of suppliers provide us with the ability to source items that require testing and feedback. These are all items that are new to the market.<\/p><p>You provide quality feedback on their products, and in exchange, you receive the items for free! It truly is a win\/win for the customer and the sell<\/p>"
        }
      },
      "16104359086eca93a0": {
        "type": "skb-review",
        "blocks": {
          "e3f52401-6238-4103-9254-37ae683606f9": {
            "type": "review",
            "settings": {
              "review_img": "shopify:\/\/shop_images\/review6.jpg"
            }
          },
          "282bb8db-afb1-4bb6-b5bb-19a80e261c42": {
            "type": "review",
            "settings": {
              "review_img": "shopify:\/\/shop_images\/review5.jpg"
            }
          },
          "75de892d-c129-4304-ac38-2ed13e10e598": {
            "type": "review",
            "settings": {
              "review_img": "shopify:\/\/shop_images\/review3.jpg"
            }
          },
          "745088f3-133e-4b64-863c-80b9e519ef3d": {
            "type": "review",
            "settings": {
              "review_img": "shopify:\/\/shop_images\/review2.jpg"
            }
          },
          "760d3b5b-c42d-4f1d-9aa3-4892ef6cd18a": {
            "type": "review",
            "settings": {
              "review_img": "shopify:\/\/shop_images\/review4.jpg"
            }
          },
          "cbb02fc3-a92d-42c2-b3f6-0c8c6428ff5b": {
            "type": "review",
            "settings": {
              "review_img": "shopify:\/\/shop_images\/review1.jpg"
            }
          }
        },
        "block_order": [
          "e3f52401-6238-4103-9254-37ae683606f9",
          "282bb8db-afb1-4bb6-b5bb-19a80e261c42",
          "75de892d-c129-4304-ac38-2ed13e10e598",
          "745088f3-133e-4b64-863c-80b9e519ef3d",
          "760d3b5b-c42d-4f1d-9aa3-4892ef6cd18a",
          "cbb02fc3-a92d-42c2-b3f6-0c8c6428ff5b"
        ],
        "settings": {
          "review_section_title": "REVIEWS"
        }
      },
      "16104386411c254a22": {
        "type": "skb-get-in-touch",
        "settings": {
          "get_in_touch_heading": "Touch",
          "get_in_touch_subheading": "BE IN",
          "get_in_touch_text": "Please fill your contact details below:"
        }
      },
      "161045485943495589": {
        "type": "skb-buy-now",
        "settings": {
          "buy_now_image": "shopify:\/\/shop_images\/showcase.png",
          "title": "Product Showcase",
          "subtitle": "Access Includes:",
          "banner_desc": "<p>- Access to SCR products<\/p><p>- Access to premium Discord<\/p><p>- 24\/7 support<\/p><p>- Access to SCR product scanners<\/p><p>- Access to premium Discord<\/p><p>- 24\/7 support<\/p><p><a href=\"#\"><br\/><\/a><\/p>",
          "button_label": "Join Now",
          "button_link": "#"
        }
      },
      "1610457004d88cd827": {
        "type": "skb-how-it-works",
        "blocks": {
          "4b8cc4d6-161f-4e9a-9a4d-1275309bd0ef": {
            "type": "works",
            "settings": {
              "work_img": "shopify:\/\/shop_images\/select.png",
              "work_img_position": "left",
              "work_step_count": "01",
              "work_title": "Select items",
              "work_desc": "<p>Apply for the items you would like to receive within our members portal. You are free to select any, and as many items as you wish.<\/p>"
            }
          },
          "01c5b553-3fd1-4226-b760-bb1e4f801495": {
            "type": "works",
            "settings": {
              "work_img": "shopify:\/\/shop_images\/gift-box.png",
              "work_img_position": "right",
              "work_step_count": "02",
              "work_title": "Recieve and Review",
              "work_desc": "<p>Receive your item within a few business days and leave your feedback on the product.<\/p>"
            }
          },
          "c08c9996-c29f-47d7-bf4e-a0d9ee5bfb7a": {
            "type": "works",
            "settings": {
              "work_img": "shopify:\/\/shop_images\/money.png",
              "work_img_position": "left",
              "work_step_count": "03",
              "work_title": "Receive your money",
              "work_desc": "<p>Once you&#x27;ve provided your feedback on the product you will receive a 100% refund on the item into your account. You keep the money and the product..<\/p>"
            }
          }
        },
        "block_order": [
          "4b8cc4d6-161f-4e9a-9a4d-1275309bd0ef",
          "01c5b553-3fd1-4226-b760-bb1e4f801495",
          "c08c9996-c29f-47d7-bf4e-a0d9ee5bfb7a"
        ],
        "settings": {
          "works_section_title": "How it works"
        }
      }
    },
    "content_for_index": [
      "161042863771c13bd2",
      "1610457004d88cd827",
      "1610434043308a740e",
      "16104359086eca93a0",
      "161045485943495589",
      "collection",
      "16104386411c254a22"
    ]
  },
  "presets": {
    "Default": {
      "sections": {
        "header": {
          "type": "header",
          "settings": {}
        },
        "hero-1": {
          "type": "hero",
          "settings": {
            "hero_size": "large",
            "text_size": "large"
          }
        },
        "feature-row": {
          "type": "feature-row",
          "settings": {}
        },
        "feature-columns": {
          "type": "feature-columns",
          "blocks": {
            "feature-columns-0": {
              "type": "text_block",
              "settings": {}
            },
            "feature-columns-1": {
              "type": "text_block",
              "settings": {}
            },
            "feature-columns-2": {
              "type": "text_block",
              "settings": {}
            }
          },
          "block_order": [
            "feature-columns-0",
            "feature-columns-1",
            "feature-columns-2"
          ],
          "settings": {
            "title": ""
          }
        },
        "collection": {
          "type": "collection",
          "settings": {
            "grid": 4
          }
        },
        "hero-2": {
          "type": "hero",
          "settings": {
            "text_size": "large"
          }
        },
        "quotes": {
          "type": "quotes",
          "blocks": {
            "quotes-0": {
              "type": "quote",
              "settings": {}
            },
            "quotes-1": {
              "type": "quote",
              "settings": {}
            },
            "quotes-2": {
              "type": "quote",
              "settings": {}
            }
          },
          "block_order": [
            "quotes-0",
            "quotes-1",
            "quotes-2"
          ],
          "settings": {
            "title": ""
          }
        },
        "image-bar": {
          "type": "image-bar",
          "blocks": {
            "image-bar-0": {
              "type": "image",
              "settings": {}
            },
            "image-bar-1": {
              "type": "image",
              "settings": {}
            },
            "image-bar-2": {
              "type": "image",
              "settings": {}
            }
          },
          "block_order": [
            "image-bar-0",
            "image-bar-1",
            "image-bar-2"
          ],
          "settings": {}
        }

      },
      "content_for_index": [
        "hero-1",
        "feature-row",
        "feature-columns",
        "collection",
        "hero-2",
        "quotes",
        "image-bar"
      ]
    },
    "Light": {
      "color_text": "#162950",
      "color_body_text": "#6d6d6d",
      "color_sale_text": "#DA2F0C",
      "color_borders": "#e4e4e4",
      "color_button": "#DA2F0C",
      "color_button_text": "#ffffff",
      "color_small_button_text_border": "#162950",
      "color_text_field": "#ffffff",
      "color_text_field_text": "#162950",
      "color_text_field_border": "#909090",
      "color_image_overlay_text": "#ffffff",
      "color_image_overlay": "#3d3d3d",
      "image_overlay_opacity": 40,
      "color_body_bg": "#f8f8f8",
      "type_header_font": "muli_n6",
      "type_header_base_size": 26,
      "type_base_font": "muli_n4",
      "type_base_size": 18,
      "share_facebook": true,
      "share_twitter": true,
      "share_pinterest": true,
      "social_twitter_link": "",
      "social_facebook_link": "",
      "social_pinterest_link": "",
      "social_instagram_link": "",
      "social_tumblr_link": "",
      "social_snapchat_link": "",
      "social_youtube_link": "",
      "social_vimeo_link": "",
      "favicon": "",
      "checkout_header_image": "",
      "checkout_logo_image": "",
      "checkout_logo_position": "left",
      "checkout_logo_size": "small",
      "checkout_body_background_image": "",
      "checkout_body_background_color": "#ffffff",
      "checkout_input_background_color_mode": "white",
      "checkout_sidebar_background_image": "",
      "checkout_sidebar_background_color": "#e8f3f6",
      "checkout_heading_font": "Roboto",
      "checkout_body_font": "Source Sans Pro",
      "checkout_accent_color": "#1990c6",
      "checkout_button_color": "#23314e",
      "checkout_error_color": "#ff6d6d",
      "sections": {
        "header": {
          "type": "header",
          "settings": {
            "align_logo": "left",
            "logo": "",
            "logo_max_width": 135,
            "main_linklist": "main-menu",
            "message": true,
            "color_bg": "#162950",
            "color_text": "#ffffff"
          }
        },
        "hero": {
          "type": "hero",
          "settings": {
            "alignment": "center",
            "hero_size": "x-large",
            "text_size": "large"
          }
        },
        "slideshow": {
          "type": "slideshow",
          "blocks": {
            "slideshow-0": {
              "type": "image",
              "settings": {
                "image": "",
                "alignment": "center center"
              }
            },
            "1492095993817": {
              "type": "image",
              "settings": {
                "image": "",
                "alignment": "center"
              }
            }
          },
          "block_order": [
            "slideshow-0",
            "1492095993817"
          ],
          "settings": {
            "slideshow_height": "medium",
            "text_size": "medium",
            "autorotate": false,
            "autorotate_speed": 5
          }
        },
        "featured-collections": {
          "type": "collection",
          "settings": {
            "grid": 3,
            "rows": 1,
            "show_vendor": true,
            "show_view_all": true
          }
        },
        "product-template": {
          "type": "product-template",
          "settings": {
            "show_quantity_selector": false,
            "show_vendor": false,
            "show_share_buttons": true,
            "media_size": "medium",
            "enable_image_zoom": true,
            "enable_video_looping": false
          }
        },
        "collection-template": {
          "type": "collection-template",
          "settings": {
            "layout": "grid",
            "grid": 2,
            "rows": 2,
            "show_collection_image": true,
            "show_vendor": false,
            "sort_enable": true,
            "tags_enable": true
          }
        },
        "1492033809691": {
          "type": "map",
          "settings": {}
        },
        "1492033877875": {
          "type": "quotes",
          "blocks": {
            "1492033877875-0": {
              "type": "quote",
              "settings": {}
            }
          },
          "block_order": [
            "1492033877875-0"
          ],
          "settings": {}
        },
        "1492033924902": {
          "type": "custom-content",
          "blocks": {
            "1492033924902-0": {
              "type": "text",
              "settings": {
                "width": "100%",
                "alignment": "center",
                "align_text": "center"
              }
            }
          },
          "block_order": [
            "1492033924902-0"
          ],
          "settings": {
            "title": ""
          }
        },
        "1492096252560": {
          "type": "collection-list",
          "blocks": {
            "1492096252560-0": {
              "type": "featured_collection",
              "settings": {}
            },
            "1492096252560-1": {
              "type": "featured_collection",
              "settings": {}
            },
            "1492096252560-2": {
              "type": "featured_collection",
              "settings": {}
            }
          },
          "block_order": [
            "1492096252560-0",
            "1492096252560-1",
            "1492096252560-2"
          ],
          "settings": {
            "grid": 3
          }
        },
        "blog-template": {
          "type": "blog-template",
          "settings": {
            "layout": "grid",
            "blog_show_author": true,
            "blog_show_date": false
          }
        },
        "article-template": {
          "type": "article-template",
          "settings": {
            "blog_show_author": true,
            "blog_show_date": true,
            "show_share_buttons": true
          }
        },
        "cart-template": {
          "type": "cart-template",
          "settings": {
            "cart_notes_enable": false
          }
        }
      },
      "content_for_index": [
        "hero",
        "featured-collections",
        "slideshow",
        "1492033924902",
        "1492096252560",
        "1492033877875",
        "1492033809691"
      ]
    }
  }
}